band,album,release_date,hmb_genre,final_genre,genre_status,review_reason,hmb_url,ma_search_url,suggested_action
Magefa,Legion,2026-06-06,Death Metal,Death Metal,needs_review,Only HMB genre available,https://heavymetalbest.com/album/magefa/legion?albumId=IQAnbpIPSixPtgYwYI9u,https://www.metal-archives.com/search?searchString=Magefa&type=band_name,Check MA manually → add to band_genre_overrides.csv or album_genre_overrides.csv
Narnia,X,2026-05-29,"Neoclassical, Power Metal","Neoclassical, Power Metal",needs_review,Only HMB genre available,https://heavymetalbest.com/album/narnia/x?albumId=wRbO6pa0bBsYwVBXZC7r,https://www.metal-archives.com/search?searchString=Narnia&type=band_name,Check MA manually → add to band_genre_overrides.csv or album_genre_overrides.csv
Abandon Agony,Endbringer,2026-05-22,,Needs Review,needs_review,No genre source found,https://heavymetalbest.com/album/abandon-agony/endbringer?albumId=K0bMUmOizhQkICZ7EbqM,https://www.metal-archives.com/search?searchString=Abandon%20Agony&type=band_name,Check MA manually → add to band_genre_overrides.csv or album_genre_overrides.csv
Anna Fiori,Metztli,2026-05-21,,Needs Review,needs_review,No genre source found,https://heavymetalbest.com/album/anna-fiori/metztli?albumId=mbybNU5HJtyUqu5ITjzO,https://www.metal-archives.com/search?searchString=Anna%20Fiori&type=band_name,Check MA manually → add to band_genre_overrides.csv or album_genre_overrides.csv
Periphery,A Pale White Dot,2026-05-15,"Progressive Metal, Djent","Progressive Metal, Djent",needs_review,Only HMB genre available,https://heavymetalbest.com/album/periphery/a-pale-white-dot?albumId=0NxqJacKfD4lKJGh1izk,https://www.metal-archives.com/search?searchString=Periphery&type=band_name,Check MA manually → add to band_genre_overrides.csv or album_genre_overrides.csv
Void Sinker,Cycle,2026-05-15,"Drone, Doom Metal, Sludge","Drone, Doom Metal, Sludge",needs_review,Only HMB genre available,https://heavymetalbest.com/album/void-sinker/cycle?albumId=5Eyh7UnHYaPo3ptV8L8x,https://www.metal-archives.com/search?searchString=Void%20Sinker&type=band_name,Check MA manually → add to band_genre_overrides.csv or album_genre_overrides.csv
Heavenfall,Thorn,2026-05-15,Heavy Metal,Heavy Metal,needs_review,Only HMB genre available,https://heavymetalbest.com/album/heavenfall/thorn?albumId=BTkRqU5EReVw1Io9hF3z,https://www.metal-archives.com/search?searchString=Heavenfall&type=band_name,Check MA manually → add to band_genre_overrides.csv or album_genre_overrides.csv
Angellore,Nocturnes,2026-05-15,"Death Metal, Doom, Gothic, Doom Metal","Death Metal, Doom, Gothic, Doom Metal",needs_review,Only HMB genre available,https://heavymetalbest.com/album/angellore/nocturnes?albumId=GrrQYIl6cDWLHtULRDai,https://www.metal-archives.com/search?searchString=Angellore&type=band_name,Check MA manually → add to band_genre_overrides.csv or album_genre_overrides.csv
Tyrannus,Mournhold,2026-05-15,"Death Metal, Black, Death, Thrash Metal, Black Metal","Death Metal, Black, Death, Thrash Metal, Black Metal",needs_review,Only HMB genre available,https://heavymetalbest.com/album/tyrannus/mournhold?albumId=I5Y3mEWUtTq64UiAQ6tJ,https://www.metal-archives.com/search?searchString=Tyrannus&type=band_name,Check MA manually → add to band_genre_overrides.csv or album_genre_overrides.csv
Desiccation,Legatum Mortuorum,2026-05-15,"Black, Doom Metal, Black Metal","Black, Doom Metal, Black Metal",needs_review,Only HMB genre available,https://heavymetalbest.com/album/desiccation/legatum-mortuorum?albumId=NR65IPdOIO6xVNlCBakN,https://www.metal-archives.com/search?searchString=Desiccation&type=band_name,Check MA manually → add to band_genre_overrides.csv or album_genre_overrides.csv
Acid Reign,Daze of the Week,2026-05-15,Thrash Metal,Thrash Metal,needs_review,Only HMB genre available,https://heavymetalbest.com/album/acid-reign/daze-of-the-week?albumId=NZmC0OVGa6t3ZMzgvQ0w,https://www.metal-archives.com/search?searchString=Acid%20Reign&type=band_name,Check MA manually → add to band_genre_overrides.csv or album_genre_overrides.csv
Pro-Pain,Stone Cold Anger,2026-05-15,"Groove, Hardcore, Thrash Metal","Groove, Hardcore, Thrash Metal",needs_review,Only HMB genre available,https://heavymetalbest.com/album/pro-pain/stone-cold-anger?albumId=NyDCupN0pZOf1xupuADc,https://www.metal-archives.com/search?searchString=Pro-Pain&type=band_name,Check MA manually → add to band_genre_overrides.csv or album_genre_overrides.csv
Lorn,Searing Blood,2026-05-15,Black Metal,Black Metal,needs_review,Only HMB genre available,https://heavymetalbest.com/album/lorn/searing-blood?albumId=OFPtoyqoYmbJgweaJduA,https://www.metal-archives.com/search?searchString=Lorn&type=band_name,Check MA manually → add to band_genre_overrides.csv or album_genre_overrides.csv
Gozu,Gozu VI,2026-05-15,,Needs Review,needs_review,No genre source found,https://heavymetalbest.com/album/gozu/gozu-vi?albumId=OkNRZDF8JzuCsAR8trtq,https://www.metal-archives.com/search?searchString=Gozu&type=band_name,Check MA manually → add to band_genre_overrides.csv or album_genre_overrides.csv
Solemnity,Opus Barbaricum,2026-05-15,Heavy Metal,Heavy Metal,needs_review,Only HMB genre available,https://heavymetalbest.com/album/solemnity/opus-barbaricum?albumId=Xi60WKMDRAiLR6lpHKep,https://www.metal-archives.com/search?searchString=Solemnity&type=band_name,Check MA manually → add to band_genre_overrides.csv or album_genre_overrides.csv
Atavistia,Old Gods Awaken,2026-05-15,,Needs Review,needs_review,No genre source found,https://heavymetalbest.com/album/atavistia/old-gods-awaken?albumId=ZA4fTwAybQ4UuqdSAObr,https://www.metal-archives.com/search?searchString=Atavistia&type=band_name,Check MA manually → add to band_genre_overrides.csv or album_genre_overrides.csv
Sagros,Sincarnation,2026-05-15,Thrash Metal,Thrash Metal,needs_review,Only HMB genre available,https://heavymetalbest.com/album/sagros/sincarnation?albumId=aAo46hYNHJa2DUBUafNk,https://www.metal-archives.com/search?searchString=Sagros&type=band_name,Check MA manually → add to band_genre_overrides.csv or album_genre_overrides.csv
Aneeiun,An.Ki.Kur,2026-05-15,Black Metal,Black Metal,needs_review,Only HMB genre available,https://heavymetalbest.com/album/aneeiun/an.ki.kur?albumId=auUKtSWY53qv0rUMbbFx,https://www.metal-archives.com/search?searchString=Aneeiun&type=band_name,Check MA manually → add to band_genre_overrides.csv or album_genre_overrides.csv
Sum of Seven,Echoes of the Hypermind,2026-05-15,Progressive Metal,Progressive Metal,needs_review,Only HMB genre available,https://heavymetalbest.com/album/sum-of-seven/echoes-of-the-hypermind?albumId=dG6xqiRs3yKGFybIF77m,https://www.metal-archives.com/search?searchString=Sum%20of%20Seven&type=band_name,Check MA manually → add to band_genre_overrides.csv or album_genre_overrides.csv
Akem Manah,Threnodies,2026-05-15,"Death Metal, Gothic Metal, Death, Doom, Doom Metal","Death Metal, Gothic Metal, Death, Doom, Doom Metal",needs_review,Only HMB genre available,https://heavymetalbest.com/album/akem-manah/threnodies?albumId=dvIGL0jdp60exzD5sULF,https://www.metal-archives.com/search?searchString=Akem%20Manah&type=band_name,Check MA manually → add to band_genre_overrides.csv or album_genre_overrides.csv
Rito Profanatorio,Rameras del diablo,2026-05-15,"Death Metal, Death, Black Metal","Death Metal, Death, Black Metal",needs_review,Only HMB genre available,https://heavymetalbest.com/album/rito-profanatorio/rameras-del-diablo?albumId=fTnxWGJN435KyJ1748HS,https://www.metal-archives.com/search?searchString=Rito%20Profanatorio&type=band_name,Check MA manually → add to band_genre_overrides.csv or album_genre_overrides.csv
Junon,The Golden Citadel of the Astral Sphere,2026-05-15,,Needs Review,needs_review,No genre source found,https://heavymetalbest.com/album/junon/the-golden-citadel-of-the-astral-sphere?albumId=foUatJDQO7ef1XCOE63K,https://www.metal-archives.com/search?searchString=Junon&type=band_name,Check MA manually → add to band_genre_overrides.csv or album_genre_overrides.csv
Norgaahl,Black Spirits,2026-05-15,"Death Metal, Death, Groove, Thrash Metal","Death Metal, Death, Groove, Thrash Metal",needs_review,Only HMB genre available,https://heavymetalbest.com/album/norgaahl/black-spirits?albumId=ioXACs8fLGHveQiCzJKP,https://www.metal-archives.com/search?searchString=Norgaahl&type=band_name,Check MA manually → add to band_genre_overrides.csv or album_genre_overrides.csv
Primordial Black,Heterotopia,2026-05-15,"Heavy, Black, Heavy Metal, Groove Metal, Black Metal","Heavy, Black, Heavy Metal, Groove Metal, Black Metal",needs_review,Only HMB genre available,https://heavymetalbest.com/album/primordial-black/heterotopia?albumId=k09sveDAex7RmXTJeZoq,https://www.metal-archives.com/search?searchString=Primordial%20Black&type=band_name,Check MA manually → add to band_genre_overrides.csv or album_genre_overrides.csv
Inthraced,Constellation Zero,2026-05-15,,Needs Review,needs_review,No genre source found,https://heavymetalbest.com/album/inthraced/constellation-zero?albumId=nXNzp2Bsp7SeCZyXHtKc,https://www.metal-archives.com/search?searchString=Inthraced&type=band_name,Check MA manually → add to band_genre_overrides.csv or album_genre_overrides.csv
Defect Designer,Depressants,2026-05-15,,Needs Review,needs_review,No genre source found,https://heavymetalbest.com/album/defect-designer/depressants?albumId=oSowD2CGJarBbYFCiQn1,https://www.metal-archives.com/search?searchString=Defect%20Designer&type=band_name,Check MA manually → add to band_genre_overrides.csv or album_genre_overrides.csv
Deadnight,The Black Scourge,2026-05-15,"Black, Thrash Metal, Black Metal","Black, Thrash Metal, Black Metal",needs_review,Only HMB genre available,https://heavymetalbest.com/album/deadnight/the-black-scourge?albumId=r03WCf9zcmWJHmeIpMm2,https://www.metal-archives.com/search?searchString=Deadnight&type=band_name,Check MA manually → add to band_genre_overrides.csv or album_genre_overrides.csv
Confess,Metalmorphosis,2026-05-15,Heavy Metal,Heavy Metal,needs_review,Only HMB genre available,https://heavymetalbest.com/album/confess/metalmorphosis?albumId=szIJtZ6BKiEFk8kj8rFZ,https://www.metal-archives.com/search?searchString=Confess&type=band_name,Check MA manually → add to band_genre_overrides.csv or album_genre_overrides.csv
Von Groove,Born to Rock,2026-05-15,"Heavy Metal, Hard Rock","Heavy Metal, Hard Rock",needs_review,Only HMB genre available,https://heavymetalbest.com/album/von-groove/born-to-rock?albumId=ukSiZyl9cFpj3NMlYlA6,https://www.metal-archives.com/search?searchString=Von%20Groove&type=band_name,Check MA manually → add to band_genre_overrides.csv or album_genre_overrides.csv
Revenge Ritual,Arbitrary Punishment,2026-05-15,,Needs Review,needs_review,No genre source found,https://heavymetalbest.com/album/revenge-ritual/arbitrary-punishment?albumId=xG60qj5ztLKgDqOsbWpx,https://www.metal-archives.com/search?searchString=Revenge%20Ritual&type=band_name,Check MA manually → add to band_genre_overrides.csv or album_genre_overrides.csv
Nedgravd,Ascension,2026-05-14,Death Metal,Death Metal,needs_review,Only HMB genre available,https://heavymetalbest.com/album/nedgravd/ascension?albumId=P9itYIbHO9CM3ftyaIgw,https://www.metal-archives.com/search?searchString=Nedgravd&type=band_name,Check MA manually → add to band_genre_overrides.csv or album_genre_overrides.csv
We Follow the Earth,Foamdrinker,2026-05-12,"Doom Metal, Sludge","Doom Metal, Sludge",needs_review,Only HMB genre available,https://heavymetalbest.com/album/we-follow-the-earth/foamdrinker?albumId=JUDxDdvTL2zbK12btim7,https://www.metal-archives.com/search?searchString=We%20Follow%20the%20Earth&type=band_name,Check MA manually → add to band_genre_overrides.csv or album_genre_overrides.csv
Drain of Impurity,The Dark Ascension of the Supreme Prometheus Gods,2026-05-12,,Needs Review,needs_review,No genre source found,https://heavymetalbest.com/album/drain-of-impurity/the-dark-ascension-of-the-supreme-prometheus-gods?albumId=nXMdXmw4t51BdH0CZzUo,https://www.metal-archives.com/search?searchString=Drain%20of%20Impurity&type=band_name,Check MA manually → add to band_genre_overrides.csv or album_genre_overrides.csv
Ara,Hohe Tannen,2026-05-11,Black Metal,Black Metal,needs_review,Only HMB genre available,https://heavymetalbest.com/album/ara/hohe-tannen?albumId=CVaRkdesgR0C0HI6mbU2,https://www.metal-archives.com/search?searchString=Ara&type=band_name,Check MA manually → add to band_genre_overrides.csv or album_genre_overrides.csv
IIIusion,IIIusion,2026-05-11,,Needs Review,needs_review,No genre source found,https://heavymetalbest.com/album/iiiusion/iiiusion?albumId=b89bPdX8Ax7MiZPKohCM,https://www.metal-archives.com/search?searchString=IIIusion&type=band_name,Check MA manually → add to band_genre_overrides.csv or album_genre_overrides.csv
Critical Disaster,Blast of Rebellion Day,2026-05-10,,Needs Review,needs_review,No genre source found,https://heavymetalbest.com/album/critical-disaster/blast-of-rebellion-day?albumId=6xEv7lFhrYt9c3V3Qf0c,https://www.metal-archives.com/search?searchString=Critical%20Disaster&type=band_name,Check MA manually → add to band_genre_overrides.csv or album_genre_overrides.csv
Chronic Hate,Defeating the Oblivion of Life,2026-05-09,Death Metal,Death Metal,needs_review,Only HMB genre available,https://heavymetalbest.com/album/chronic-hate/defeating-the-oblivion-of-life?albumId=8zdFThYbP7pbcccf2tP9,https://www.metal-archives.com/search?searchString=Chronic%20Hate&type=band_name,Check MA manually → add to band_genre_overrides.csv or album_genre_overrides.csv
Scraper,Infinite Journey,2026-05-08,Thrash Metal,Thrash Metal,needs_review,Only HMB genre available,https://heavymetalbest.com/album/scraper/infinite-journey?albumId=zlVJAGjcakasVQluzu8c,https://www.metal-archives.com/search?searchString=Scraper&type=band_name,Check MA manually → add to band_genre_overrides.csv or album_genre_overrides.csv
Draconian,In Somnolent Ruin,2026-05-08,"Death Metal, Doom, Gothic, Doom Metal","Death Metal, Doom, Gothic, Doom Metal",needs_review,Only HMB genre available,https://heavymetalbest.com/album/draconian/in-somnolent-ruin?albumId=ulk0i5htt0xKtJN4UhGp,https://www.metal-archives.com/search?searchString=Draconian&type=band_name,Check MA manually → add to band_genre_overrides.csv or album_genre_overrides.csv
Telomyras,Duskfall,2026-05-08,Heavy Metal,Heavy Metal,needs_review,Only HMB genre available,https://heavymetalbest.com/album/telomyras/duskfall?albumId=sg2ek6vUQsQ161qYchJj,https://www.metal-archives.com/search?searchString=Telomyras&type=band_name,Check MA manually → add to band_genre_overrides.csv or album_genre_overrides.csv
Motus Tenebrae,In Sorrow's Requiem,2026-05-08,"Gothic, Doom Metal","Gothic, Doom Metal",needs_review,Only HMB genre available,https://heavymetalbest.com/album/motus-tenebrae/in-sorrow's-requiem?albumId=q3CdY2kLqwA1RfB2qYkH,https://www.metal-archives.com/search?searchString=Motus%20Tenebrae&type=band_name,Check MA manually → add to band_genre_overrides.csv or album_genre_overrides.csv
Lago,Vigil,2026-05-08,Death Metal,Death Metal,needs_review,Only HMB genre available,https://heavymetalbest.com/album/lago/vigil?albumId=q2L9zPXC32QgLp0ltr4s,https://www.metal-archives.com/search?searchString=Lago&type=band_name,Check MA manually → add to band_genre_overrides.csv or album_genre_overrides.csv
Sacriversum,Before the Birth of Light,2026-05-08,"Death Metal, Gothic Metal, Death, later), Thrash Metal (early","Death Metal, Gothic Metal, Death, later), Thrash Metal (early",needs_review,Only HMB genre available,https://heavymetalbest.com/album/sacriversum/before-the-birth-of-light?albumId=pDAss7GqAfsvg7Bp3EY0,https://www.metal-archives.com/search?searchString=Sacriversum&type=band_name,Check MA manually → add to band_genre_overrides.csv or album_genre_overrides.csv
Goholor,Locus Damnatorum,2026-05-08,"Death Metal, Black, Black Metal","Death Metal, Black, Black Metal",needs_review,Only HMB genre available,https://heavymetalbest.com/album/goholor/locus-damnatorum?albumId=mY4q7mlaGli9i6f5c2zd,https://www.metal-archives.com/search?searchString=Goholor&type=band_name,Check MA manually → add to band_genre_overrides.csv or album_genre_overrides.csv
Torchia,They Are Born Under Rules of the Darkness,2026-05-08,,Needs Review,needs_review,No genre source found,https://heavymetalbest.com/album/torchia/they-are-born-under-rules-of-the-darkness?albumId=mOK4xtg38ui6LvKqpWbn,https://www.metal-archives.com/search?searchString=Torchia&type=band_name,Check MA manually → add to band_genre_overrides.csv or album_genre_overrides.csv
WLVS,Rooted in Ancestral Memory,2026-05-08,Black Metal,Black Metal,needs_review,Only HMB genre available,https://heavymetalbest.com/album/wlvs/rooted-in-ancestral-memory?albumId=lajvcV2AUXXiaFUxgz4c,https://www.metal-archives.com/search?searchString=WLVS&type=band_name,Check MA manually → add to band_genre_overrides.csv or album_genre_overrides.csv
Wolfpack Heading Nowhere,Wolfpack Heading Nowhere,2026-05-08,,Needs Review,needs_review,No genre source found,https://heavymetalbest.com/album/wolfpack-heading-nowhere/wolfpack-heading-nowhere?albumId=g7nOful7YCrSMvoPY69H,https://www.metal-archives.com/search?searchString=Wolfpack%20Heading%20Nowhere&type=band_name,Check MA manually → add to band_genre_overrides.csv or album_genre_overrides.csv
IATT,Etheric Realms of the Night,2026-05-08,"Death Metal, Melodic Black, Progressive, Progressive Metal, Metalcore","Death Metal, Melodic Black, Progressive, Progressive Metal, Metalcore",needs_review,Only HMB genre available,https://heavymetalbest.com/album/iatt/etheric-realms-of-the-night?albumId=g3emSaMecE3rBJ8QBR43,https://www.metal-archives.com/search?searchString=IATT&type=band_name,Check MA manually → add to band_genre_overrides.csv or album_genre_overrides.csv
Ingested,Denigration,2026-05-08,,Needs Review,needs_review,No genre source found,https://heavymetalbest.com/album/ingested/denigration?albumId=ewWrVSZPVpVrEVKtmcHR,https://www.metal-archives.com/search?searchString=Ingested&type=band_name,Check MA manually → add to band_genre_overrides.csv or album_genre_overrides.csv
Crystal Winds,Long Live the King,2026-05-08,Heavy Metal,Heavy Metal,needs_review,Only HMB genre available,https://heavymetalbest.com/album/crystal-winds/long-live-the-king?albumId=cqsHY3vp12vihASp4aIM,https://www.metal-archives.com/search?searchString=Crystal%20Winds&type=band_name,Check MA manually → add to band_genre_overrides.csv or album_genre_overrides.csv
Saasta,Cesspool,2026-05-08,"Death Metal, Doom, Doom Metal","Death Metal, Doom, Doom Metal",needs_review,Only HMB genre available,https://heavymetalbest.com/album/saasta/cesspool?albumId=bajCb1r8wgsQQhw0dgYO,https://www.metal-archives.com/search?searchString=Saasta&type=band_name,Check MA manually → add to band_genre_overrides.csv or album_genre_overrides.csv
Madvice,L'ottavo giorno,2026-05-08,,Needs Review,needs_review,No genre source found,https://heavymetalbest.com/album/madvice/l'ottavo-giorno?albumId=ZFbl8iA0T1MSXQbCtRHM,https://www.metal-archives.com/search?searchString=Madvice&type=band_name,Check MA manually → add to band_genre_overrides.csv or album_genre_overrides.csv
laCasta,Olibanvm,2026-05-08,"Hardcore, Black Metal","Hardcore, Black Metal",needs_review,Only HMB genre available,https://heavymetalbest.com/album/lacasta/olibanvm?albumId=VDf8Sq9QR3pAhVCrzf8e,https://www.metal-archives.com/search?searchString=laCasta&type=band_name,Check MA manually → add to band_genre_overrides.csv or album_genre_overrides.csv
Aghalmar,Ruin,2026-05-08,,Needs Review,needs_review,No genre source found,https://heavymetalbest.com/album/aghalmar/ruin?albumId=U2ZAnqeEyligNLviQwRp,https://www.metal-archives.com/search?searchString=Aghalmar&type=band_name,Check MA manually → add to band_genre_overrides.csv or album_genre_overrides.csv
Ascended Master,Crepuscular Gloom,2026-05-08,"Death Metal, Death, Thrash Metal, Thrash, Black Metal","Death Metal, Death, Thrash Metal, Thrash, Black Metal",needs_review,Only HMB genre available,https://heavymetalbest.com/album/ascended-master/crepuscular-gloom?albumId=TJ6gedQyCJy8adkayKqD,https://www.metal-archives.com/search?searchString=Ascended%20Master&type=band_name,Check MA manually → add to band_genre_overrides.csv or album_genre_overrides.csv
Wormlord,Choices,2026-05-08,Death Metal,Death Metal,needs_review,Only HMB genre available,https://heavymetalbest.com/album/wormlord/choices?albumId=PXo1T6VJea5ftvVhAhE3,https://www.metal-archives.com/search?searchString=Wormlord&type=band_name,Check MA manually → add to band_genre_overrides.csv or album_genre_overrides.csv
Frozen Soul,No Place of Warmth,2026-05-08,Death Metal,Death Metal,needs_review,Only HMB genre available,https://heavymetalbest.com/album/frozen-soul/no-place-of-warmth?albumId=OjKdPlSTSBGxtbrLB57G,https://www.metal-archives.com/search?searchString=Frozen%20Soul&type=band_name,Check MA manually → add to band_genre_overrides.csv or album_genre_overrides.csv
Sense of Fear,Infernal Decay,2026-05-08,Heavy Metal,Heavy Metal,needs_review,Only HMB genre available,https://heavymetalbest.com/album/sense-of-fear/infernal-decay?albumId=LazJkYvGgo1IEEzlt2EQ,https://www.metal-archives.com/search?searchString=Sense%20of%20Fear&type=band_name,Check MA manually → add to band_genre_overrides.csv or album_genre_overrides.csv
Clairvoyant,Eternal Victory,2026-05-08,,Needs Review,needs_review,No genre source found,https://heavymetalbest.com/album/clairvoyant/eternal-victory?albumId=HiVTzZgPkzH4zUzLW5js,https://www.metal-archives.com/search?searchString=Clairvoyant&type=band_name,Check MA manually → add to band_genre_overrides.csv or album_genre_overrides.csv
Harms,Rebirth of the Cold,2026-05-08,,Needs Review,needs_review,No genre source found,https://heavymetalbest.com/album/harms/rebirth-of-the-cold?albumId=GbbkUfdjiHcjfv7UCQdb,https://www.metal-archives.com/search?searchString=Harms&type=band_name,Check MA manually → add to band_genre_overrides.csv or album_genre_overrides.csv
Teramaze,The Silent Architect,2026-05-08,"Progressive Metal, Rock","Progressive Metal, Rock",needs_review,Only HMB genre available,https://heavymetalbest.com/album/teramaze/the-silent-architect?albumId=FyHckVZnqe0ZRlEualzG,https://www.metal-archives.com/search?searchString=Teramaze&type=band_name,Check MA manually → add to band_genre_overrides.csv or album_genre_overrides.csv
Rexoria,Fallen Dimension,2026-05-08,"Melodic Heavy, Power Metal","Melodic Heavy, Power Metal",needs_review,Only HMB genre available,https://heavymetalbest.com/album/rexoria/fallen-dimension?albumId=Euh2JSKgQjRbqWOTGlbN,https://www.metal-archives.com/search?searchString=Rexoria&type=band_name,Check MA manually → add to band_genre_overrides.csv or album_genre_overrides.csv
Voidthrone,Dreaming Rat,2026-05-08,"Death Metal, Black, Black Metal","Death Metal, Black, Black Metal",needs_review,Only HMB genre available,https://heavymetalbest.com/album/voidthrone/dreaming-rat?albumId=Be9icLApNYOa5D2DzyB8,https://www.metal-archives.com/search?searchString=Voidthrone&type=band_name,Check MA manually → add to band_genre_overrides.csv or album_genre_overrides.csv
The Quill,Master of the Skies,2026-05-08,"Heavy Metal, Heavy, Stoner Metal","Heavy Metal, Heavy, Stoner Metal",needs_review,Only HMB genre available,https://heavymetalbest.com/album/the-quill/master-of-the-skies?albumId=B7YCWw9GlCBl2FC16UIF,https://www.metal-archives.com/search?searchString=The%20Quill&type=band_name,Check MA manually → add to band_genre_overrides.csv or album_genre_overrides.csv
Conjuring,Memento Mori,2026-05-08,Black Metal,Black Metal,needs_review,Only HMB genre available,https://heavymetalbest.com/album/conjuring/memento-mori?albumId=ASTwPL6ShgdXkmf46Blb,https://www.metal-archives.com/search?searchString=Conjuring&type=band_name,Check MA manually → add to band_genre_overrides.csv or album_genre_overrides.csv
Vile Desolation,Annihilating the Consciousness,2026-05-08,,Needs Review,needs_review,No genre source found,https://heavymetalbest.com/album/vile-desolation/annihilating-the-consciousness?albumId=9MF7isnh3HrWVWlDNhCX,https://www.metal-archives.com/search?searchString=Vile%20Desolation&type=band_name,Check MA manually → add to band_genre_overrides.csv or album_genre_overrides.csv
Sabotør,Første aksjon,2026-05-08,Heavy Metal,Heavy Metal,needs_review,Only HMB genre available,https://heavymetalbest.com/album/sabotør/første-aksjon?albumId=7tnVnH3aCMsjNBAaEUJA,https://www.metal-archives.com/search?searchString=Sabot%C3%B8r&type=band_name,Check MA manually → add to band_genre_overrides.csv or album_genre_overrides.csv
Galibot,Catabase,2026-05-08,Black Metal,Black Metal,needs_review,Only HMB genre available,https://heavymetalbest.com/album/galibot/catabase?albumId=6OJhUfnGm8gDof7xwR5V,https://www.metal-archives.com/search?searchString=Galibot&type=band_name,Check MA manually → add to band_genre_overrides.csv or album_genre_overrides.csv
Old Moon,Home to Nowhere,2026-05-08,,Needs Review,needs_review,No genre source found,https://heavymetalbest.com/album/old-moon/home-to-nowhere?albumId=6J0lCDhxIwRsdZoNTal8,https://www.metal-archives.com/search?searchString=Old%20Moon&type=band_name,Check MA manually → add to band_genre_overrides.csv or album_genre_overrides.csv
A Forest of Stars,Stack Overflow in Corpse Pile Interface,2026-05-08,,Needs Review,needs_review,No genre source found,https://heavymetalbest.com/album/a-forest-of-stars/stack-overflow-in-corpse-pile-interface?albumId=5CgXxkrI8KqwVLqCGCDH,https://www.metal-archives.com/search?searchString=A%20Forest%20of%20Stars&type=band_name,Check MA manually → add to band_genre_overrides.csv or album_genre_overrides.csv
Epilog,Digital Afterlife,2026-05-08,"Heavy Metal, Hard Rock","Heavy Metal, Hard Rock",needs_review,Only HMB genre available,https://heavymetalbest.com/album/epilog/digital-afterlife?albumId=4zoCH1cR5e1Z4hfTQM8w,https://www.metal-archives.com/search?searchString=Epilog&type=band_name,Check MA manually → add to band_genre_overrides.csv or album_genre_overrides.csv
Climate of Despair,Crawl Space Detention Center,2026-05-08,Doom Metal,Doom Metal,needs_review,Only HMB genre available,https://heavymetalbest.com/album/climate-of-despair/crawl-space-detention-center?albumId=4Ims2ysl1HijfYqGbFnM,https://www.metal-archives.com/search?searchString=Climate%20of%20Despair&type=band_name,Check MA manually → add to band_genre_overrides.csv or album_genre_overrides.csv
Panopticon,Det hjemsøkte hjertet,2026-05-08,,Needs Review,needs_review,No genre source found,https://heavymetalbest.com/album/panopticon/det-hjemsøkte-hjertet?albumId=3Rhvm6xHVC8x6TREoCfu,https://www.metal-archives.com/search?searchString=Panopticon&type=band_name,Check MA manually → add to band_genre_overrides.csv or album_genre_overrides.csv
Torian,The Lost Legion Rising,2026-05-08,Power Metal,Power Metal,needs_review,Only HMB genre available,https://heavymetalbest.com/album/torian/the-lost-legion-rising?albumId=0u1n8PIr0D1ZTVCv3qal,https://www.metal-archives.com/search?searchString=Torian&type=band_name,Check MA manually → add to band_genre_overrides.csv or album_genre_overrides.csv
Eradikated,Wiring of Violence,2026-05-08,Thrash Metal,Thrash Metal,needs_review,Only HMB genre available,https://heavymetalbest.com/album/eradikated/wiring-of-violence?albumId=005X7S5F69Nzbnefiohi,https://www.metal-archives.com/search?searchString=Eradikated&type=band_name,Check MA manually → add to band_genre_overrides.csv or album_genre_overrides.csv
Abuser,Blood Marks,2026-05-07,Thrash Metal,Thrash Metal,needs_review,Only HMB genre available,https://heavymetalbest.com/album/abuser/blood-marks?albumId=r8vLraglnsoG8ePGykjn,https://www.metal-archives.com/search?searchString=Abuser&type=band_name,Check MA manually → add to band_genre_overrides.csv or album_genre_overrides.csv
Extinct,In Conspiracies We Trust,2026-05-07,Thrash Metal,Thrash Metal,needs_review,Only HMB genre available,https://heavymetalbest.com/album/extinct/in-conspiracies-we-trust?albumId=qqAYe4l9PZzgd9mfiiTe,https://www.metal-archives.com/search?searchString=Extinct&type=band_name,Check MA manually → add to band_genre_overrides.csv or album_genre_overrides.csv
Mandrágora Negra,Gerrero inmortal,2026-05-07,Heavy Metal,Heavy Metal,needs_review,Only HMB genre available,https://heavymetalbest.com/album/mandrágora-negra/gerrero-inmortal?albumId=F5hh3wZGPqzpFjSlfKO3,https://www.metal-archives.com/search?searchString=Mandr%C3%A1gora%20Negra&type=band_name,Check MA manually → add to band_genre_overrides.csv or album_genre_overrides.csv
Prolapsed,Apex of Excruciation,2026-05-07,,Needs Review,needs_review,No genre source found,https://heavymetalbest.com/album/prolapsed/apex-of-excruciation?albumId=EVT2Rra0LuhHpxauGLcB,https://www.metal-archives.com/search?searchString=Prolapsed&type=band_name,Check MA manually → add to band_genre_overrides.csv or album_genre_overrides.csv
Mamorlis,Proving Grounds,2026-05-06,Heavy Metal,Heavy Metal,needs_review,Only HMB genre available,https://heavymetalbest.com/album/mamorlis/proving-grounds?albumId=VnVyK3toJ4OzTlYvSRJW,https://www.metal-archives.com/search?searchString=Mamorlis&type=band_name,Check MA manually → add to band_genre_overrides.csv or album_genre_overrides.csv
Grievance,Lúgubres Devaneios De Abismos E Sombras,2026-05-05,Black Metal,Black Metal,needs_review,Only HMB genre available,https://heavymetalbest.com/album/grievance/lúgubres-devaneios-de-abismos-e-sombras?albumId=dRJ89ne0Hept1YEFfLFx,https://www.metal-archives.com/search?searchString=Grievance&type=band_name,Check MA manually → add to band_genre_overrides.csv or album_genre_overrides.csv
Pawitra,Pratidhi/Kontemplasi,2026-05-05,,Needs Review,needs_review,No genre source found,https://heavymetalbest.com/album/pawitra/pratidhi/kontemplasi?albumId=Lm4N4oqFNZK8uoEcdaJB,https://www.metal-archives.com/search?searchString=Pawitra&type=band_name,Check MA manually → add to band_genre_overrides.csv or album_genre_overrides.csv
Möhrkvlth,Gwenojennoù an ankounac'h,2026-05-05,Black Metal,Black Metal,needs_review,Only HMB genre available,https://heavymetalbest.com/album/möhrkvlth/gwenojennoù-an-ankounac'h?albumId=DdvhjkJktLhC1EecFjnE,https://www.metal-archives.com/search?searchString=M%C3%B6hrkvlth&type=band_name,Check MA manually → add to band_genre_overrides.csv or album_genre_overrides.csv
Sins of Shadows,The Last Frontier,2026-05-05,"Heavy, Power Metal, Heavy Metal, Power, Groove Metal","Heavy, Power Metal, Heavy Metal, Power, Groove Metal",needs_review,Only HMB genre available,https://heavymetalbest.com/album/sins-of-shadows/the-last-frontier?albumId=15Ng23IFEjeh4ovQybMA,https://www.metal-archives.com/search?searchString=Sins%20of%20Shadows&type=band_name,Check MA manually → add to band_genre_overrides.csv or album_genre_overrides.csv
The Last Knell,Præterhuman II: Apokathistemi,2026-05-03,Black Metal,Black Metal,needs_review,Only HMB genre available,https://heavymetalbest.com/album/the-last-knell/præterhuman-ii:-apokathistemi?albumId=iSUb9IGxPHycRzZRrHCT,https://www.metal-archives.com/search?searchString=The%20Last%20Knell&type=band_name,Check MA manually → add to band_genre_overrides.csv or album_genre_overrides.csv
Geoff Tate,Operation: Mindcrime III,2026-05-03,,Needs Review,needs_review,No genre source found,https://heavymetalbest.com/album/geoff-tate/operation:-mindcrime-iii?albumId=IBLGHWOB5rddY5XbYduA,https://www.metal-archives.com/search?searchString=Geoff%20Tate&type=band_name,Check MA manually → add to band_genre_overrides.csv or album_genre_overrides.csv
Brüle,Beltane,2026-05-01,"Stoner, Doom Metal","Stoner, Doom Metal",needs_review,Only HMB genre available,https://heavymetalbest.com/album/brüle/beltane?albumId=zZuDH4ubjGEb6G5VQ6SM,https://www.metal-archives.com/search?searchString=Br%C3%BCle&type=band_name,Check MA manually → add to band_genre_overrides.csv or album_genre_overrides.csv
Eveale,Enter the Woodland Realm,2026-05-01,Black Metal,Black Metal,needs_review,Only HMB genre available,https://heavymetalbest.com/album/eveale/enter-the-woodland-realm?albumId=xaaECWeefSnh2K23Ydpq,https://www.metal-archives.com/search?searchString=Eveale&type=band_name,Check MA manually → add to band_genre_overrides.csv or album_genre_overrides.csv
16,Forgeries Volume 1: 1972 - 1984,2026-05-01,,Needs Review,needs_review,No genre source found,https://heavymetalbest.com/album/16/forgeries-volume-1:-1972---1984?albumId=xKYn4V1fKOJLnuRSC2YY,https://www.metal-archives.com/search?searchString=16&type=band_name,Check MA manually → add to band_genre_overrides.csv or album_genre_overrides.csv
Necropia,Our Kingdom Befouled,2026-05-01,,Needs Review,needs_review,No genre source found,https://heavymetalbest.com/album/necropia/our-kingdom-befouled?albumId=wtzdmFeAzvHlGO0OlnU7,https://www.metal-archives.com/search?searchString=Necropia&type=band_name,Check MA manually → add to band_genre_overrides.csv or album_genre_overrides.csv
Manøver,Insurrection,2026-05-01,"Death Metal, Death, Crust, Sludge Metal","Death Metal, Death, Crust, Sludge Metal",needs_review,Only HMB genre available,https://heavymetalbest.com/album/manøver/insurrection?albumId=o9Pyglx8A2V9evAiqIRJ,https://www.metal-archives.com/search?searchString=Man%C3%B8ver&type=band_name,Check MA manually → add to band_genre_overrides.csv or album_genre_overrides.csv
Fyrdsman,The Free Man,2026-05-01,Black Metal,Black Metal,needs_review,Only HMB genre available,https://heavymetalbest.com/album/fyrdsman/the-free-man?albumId=nIkNmyqP7E1aTjxPZV5L,https://www.metal-archives.com/search?searchString=Fyrdsman&type=band_name,Check MA manually → add to band_genre_overrides.csv or album_genre_overrides.csv
Malconstruct,Entanglement,2026-05-01,,Needs Review,needs_review,No genre source found,https://heavymetalbest.com/album/malconstruct/entanglement?albumId=lXle6LYmXG6DDX4acKOh,https://www.metal-archives.com/search?searchString=Malconstruct&type=band_name,Check MA manually → add to band_genre_overrides.csv or album_genre_overrides.csv
Acharniae,Scornful Liberation,2026-05-01,Black Metal,Black Metal,needs_review,Only HMB genre available,https://heavymetalbest.com/album/acharniae/scornful-liberation?albumId=kqTgL6je4gpZtJvkrTyR,https://www.metal-archives.com/search?searchString=Acharniae&type=band_name,Check MA manually → add to band_genre_overrides.csv or album_genre_overrides.csv
Wandar,Tiefe Erde,2026-05-01,Black Metal,Black Metal,needs_review,Only HMB genre available,https://heavymetalbest.com/album/wandar/tiefe-erde?albumId=gyl63nBLFvA6Dprzwgp6,https://www.metal-archives.com/search?searchString=Wandar&type=band_name,Check MA manually → add to band_genre_overrides.csv or album_genre_overrides.csv
Cage Fight,Exuvia,2026-05-01,"Metalcore, Thrash Metal","Metalcore, Thrash Metal",needs_review,Only HMB genre available,https://heavymetalbest.com/album/cage-fight/exuvia?albumId=g3WOGThF66Q8qgqiIUyy,https://www.metal-archives.com/search?searchString=Cage%20Fight&type=band_name,Check MA manually → add to band_genre_overrides.csv or album_genre_overrides.csv
Torver,Witching Hour,2026-05-01,Black Metal,Black Metal,needs_review,Only HMB genre available,https://heavymetalbest.com/album/torver/witching-hour?albumId=evJOqOMfGp7ZfyEwSp7O,https://www.metal-archives.com/search?searchString=Torver&type=band_name,Check MA manually → add to band_genre_overrides.csv or album_genre_overrides.csv
Lair of the Minotaur,I Hail I,2026-05-01,"Thrash Metal, Sludge Metal, Thrash, Doom, Doom Metal","Thrash Metal, Sludge Metal, Thrash, Doom, Doom Metal",needs_review,Only HMB genre available,https://heavymetalbest.com/album/lair-of-the-minotaur/i-hail-i?albumId=dnLj8BGrgySkxVOARdaG,https://www.metal-archives.com/search?searchString=Lair%20of%20the%20Minotaur&type=band_name,Check MA manually → add to band_genre_overrides.csv or album_genre_overrides.csv
Cognizance,"In Light, No Shape",2026-05-01,,Needs Review,needs_review,No genre source found,"https://heavymetalbest.com/album/cognizance/in-light,-no-shape?albumId=cUY3V7LIYMmFea6i8S4a",https://www.metal-archives.com/search?searchString=Cognizance&type=band_name,Check MA manually → add to band_genre_overrides.csv or album_genre_overrides.csv
Furnace Floor,Ceremonial Passage Through Fire,2026-05-01,,Needs Review,needs_review,No genre source found,https://heavymetalbest.com/album/furnace-floor/ceremonial-passage-through-fire?albumId=bNRUdbD8DCsUZZiZyQhC,https://www.metal-archives.com/search?searchString=Furnace%20Floor&type=band_name,Check MA manually → add to band_genre_overrides.csv or album_genre_overrides.csv
Vansind,Hævnen,2026-05-01,,Needs Review,needs_review,No genre source found,https://heavymetalbest.com/album/vansind/hævnen?albumId=URtlwr2vXIGN220YZZ3d,https://www.metal-archives.com/search?searchString=Vansind&type=band_name,Check MA manually → add to band_genre_overrides.csv or album_genre_overrides.csv
In Malice's Wake,The Profound Darkness,2026-05-01,Thrash Metal,Thrash Metal,needs_review,Only HMB genre available,https://heavymetalbest.com/album/in-malice's-wake/the-profound-darkness?albumId=T6sROlv6wwEGmEjIDMCG,https://www.metal-archives.com/search?searchString=In%20Malice%27s%20Wake&type=band_name,Check MA manually → add to band_genre_overrides.csv or album_genre_overrides.csv
Ysbrydnos,Welsh Mythical Darkness,2026-05-01,"Dungeon Synth, Black Metal","Dungeon Synth, Black Metal",needs_review,Only HMB genre available,https://heavymetalbest.com/album/ysbrydnos/welsh-mythical-darkness?albumId=QVpv5ATqWsDzMa5AUT7Z,https://www.metal-archives.com/search?searchString=Ysbrydnos&type=band_name,Check MA manually → add to band_genre_overrides.csv or album_genre_overrides.csv
Stygian Mind,The Fear Machine,2026-05-01,Heavy Metal,Heavy Metal,needs_review,Only HMB genre available,https://heavymetalbest.com/album/stygian-mind/the-fear-machine?albumId=OT9Ghu0N9ioDALQ6a9CK,https://www.metal-archives.com/search?searchString=Stygian%20Mind&type=band_name,Check MA manually → add to band_genre_overrides.csv or album_genre_overrides.csv
Malorshiga,Vento,2026-05-01,"Death Metal, Black, Black Metal","Death Metal, Black, Black Metal",needs_review,Only HMB genre available,https://heavymetalbest.com/album/malorshiga/vento?albumId=NUZh75F5ATtefCl3TcGc,https://www.metal-archives.com/search?searchString=Malorshiga&type=band_name,Check MA manually → add to band_genre_overrides.csv or album_genre_overrides.csv
Spell,Wretched Heart,2026-05-01,"Heavy Metal, Hard Rock","Heavy Metal, Hard Rock",needs_review,Only HMB genre available,https://heavymetalbest.com/album/spell/wretched-heart?albumId=MfVBjkUtMYOQeEt9cH2u,https://www.metal-archives.com/search?searchString=Spell&type=band_name,Check MA manually → add to band_genre_overrides.csv or album_genre_overrides.csv
Cobra Force,Cobra Force,2026-05-01,Heavy Metal,Heavy Metal,needs_review,Only HMB genre available,https://heavymetalbest.com/album/cobra-force/cobra-force?albumId=J1IoAy4huAgjpzrQqOq4,https://www.metal-archives.com/search?searchString=Cobra%20Force&type=band_name,Check MA manually → add to band_genre_overrides.csv or album_genre_overrides.csv
Mad Butcher,Flesh & Blood - The 88 Unreleased Album,2026-05-01,"Heavy Metal, Heavy, Speed Metal","Heavy Metal, Heavy, Speed Metal",needs_review,Only HMB genre available,https://heavymetalbest.com/album/mad-butcher/flesh-&-blood---the-88-unreleased-album?albumId=GBrusm2XGvoU4utmvlp5,https://www.metal-archives.com/search?searchString=Mad%20Butcher&type=band_name,Check MA manually → add to band_genre_overrides.csv or album_genre_overrides.csv
Creeping Flesh,God's Acres Rife with Flesh Adorned,2026-05-01,Death Metal,Death Metal,needs_review,Only HMB genre available,https://heavymetalbest.com/album/creeping-flesh/god's-acres-rife-with-flesh-adorned?albumId=Fscz9xfqT5qg1J5BjfxC,https://www.metal-archives.com/search?searchString=Creeping%20Flesh&type=band_name,Check MA manually → add to band_genre_overrides.csv or album_genre_overrides.csv
Kingsmash,The Heart Remains at Home,2026-05-01,"Heavy Metal, Hard Rock","Heavy Metal, Hard Rock",needs_review,Only HMB genre available,https://heavymetalbest.com/album/kingsmash/the-heart-remains-at-home?albumId=Diesqt1Zjo2JksqaRKAW,https://www.metal-archives.com/search?searchString=Kingsmash&type=band_name,Check MA manually → add to band_genre_overrides.csv or album_genre_overrides.csv
Some Pills for Ayala,Incarnate,2026-05-01,,Needs Review,needs_review,No genre source found,https://heavymetalbest.com/album/some-pills-for-ayala/incarnate?albumId=9PgpDIlLfiKjebkzqXeS,https://www.metal-archives.com/search?searchString=Some%20Pills%20for%20Ayala&type=band_name,Check MA manually → add to band_genre_overrides.csv or album_genre_overrides.csv
Crimson Steel,Show No Fear,2026-05-01,"Heavy Metal, Hard Rock","Heavy Metal, Hard Rock",needs_review,Only HMB genre available,https://heavymetalbest.com/album/crimson-steel/show-no-fear?albumId=8osy68YmY9APNOSnLHVV,https://www.metal-archives.com/search?searchString=Crimson%20Steel&type=band_name,Check MA manually → add to band_genre_overrides.csv or album_genre_overrides.csv
Jesus Crustus,El Crustadore,2026-05-01,"Death Metal, Death, Sludge Metal","Death Metal, Death, Sludge Metal",needs_review,Only HMB genre available,https://heavymetalbest.com/album/jesus-crustus/el-crustadore?albumId=3Hu3XGUAcu7t9RGJka3d,https://www.metal-archives.com/search?searchString=Jesus%20Crustus&type=band_name,Check MA manually → add to band_genre_overrides.csv or album_genre_overrides.csv
Devenial Verdict,Old Blood - Fresh Wounds,2026-05-01,"Death Metal, Avant-garde Death Metal","Death Metal, Avant-garde Death Metal",needs_review,Only HMB genre available,https://heavymetalbest.com/album/devenial-verdict/old-blood---fresh-wounds?albumId=215wB17SVImeaImnRis2,https://www.metal-archives.com/search?searchString=Devenial%20Verdict&type=band_name,Check MA manually → add to band_genre_overrides.csv or album_genre_overrides.csv
Ashen Horde,The Harvest,2026-05-01,,Needs Review,needs_review,No genre source found,https://heavymetalbest.com/album/ashen-horde/the-harvest?albumId=15yBpxjUhkKHrVAbxTzV,https://www.metal-archives.com/search?searchString=Ashen%20Horde&type=band_name,Check MA manually → add to band_genre_overrides.csv or album_genre_overrides.csv
The Archest,Hymnus Regni Mortuorum,2026-04-30,"Gothic, Doom Metal","Gothic, Doom Metal",needs_review,Only HMB genre available,https://heavymetalbest.com/album/the-archest/hymnus-regni-mortuorum?albumId=mwwdxRAimBa8ZjFQRw1R,https://www.metal-archives.com/search?searchString=The%20Archest&type=band_name,Check MA manually → add to band_genre_overrides.csv or album_genre_overrides.csv
Atronos,Gram,2026-04-30,Black Metal,Black Metal,needs_review,Only HMB genre available,https://heavymetalbest.com/album/atronos/gram?albumId=IoaOMm2o750l7Pot1YN4,https://www.metal-archives.com/search?searchString=Atronos&type=band_name,Check MA manually → add to band_genre_overrides.csv or album_genre_overrides.csv
Hajduk,Хвърковата чета,2026-04-30,Black Metal,Black Metal,needs_review,Only HMB genre available,https://heavymetalbest.com/album/hajduk/хвърковата-чета?albumId=C66sVNaxBZKozUcoDiAo,https://www.metal-archives.com/search?searchString=Hajduk&type=band_name,Check MA manually → add to band_genre_overrides.csv or album_genre_overrides.csv
Grond,The Temple,2026-04-30,Death Metal,Death Metal,needs_review,Only HMB genre available,https://heavymetalbest.com/album/grond/the-temple?albumId=9cXXVAEwAfqG5glG4uax,https://www.metal-archives.com/search?searchString=Grond&type=band_name,Check MA manually → add to band_genre_overrides.csv or album_genre_overrides.csv
Sorcières,La nuit des temps,2026-04-30,"Folk Metal, Black, Black Metal","Folk Metal, Black, Black Metal",needs_review,Only HMB genre available,https://heavymetalbest.com/album/sorcières/la-nuit-des-temps?albumId=8EjcRRbtw7z5MJubgURW,https://www.metal-archives.com/search?searchString=Sorci%C3%A8res&type=band_name,Check MA manually → add to band_genre_overrides.csv or album_genre_overrides.csv
Metall,Chasing the Truth,2026-04-30,"Heavy Metal, Heavy, Power Metal","Heavy Metal, Heavy, Power Metal",needs_review,Only HMB genre available,https://heavymetalbest.com/album/metall/chasing-the-truth?albumId=5ETHDQFEhmbNMpA4qJz7,https://www.metal-archives.com/search?searchString=Metall&type=band_name,Check MA manually → add to band_genre_overrides.csv or album_genre_overrides.csv
Oldowan Gash,1000 Dreams of War,2026-04-30,Black Metal,Black Metal,needs_review,Only HMB genre available,https://heavymetalbest.com/album/oldowan-gash/1000-dreams-of-war?albumId=4L2MFI2zE3aVKgC5zLJc,https://www.metal-archives.com/search?searchString=Oldowan%20Gash&type=band_name,Check MA manually → add to band_genre_overrides.csv or album_genre_overrides.csv
Æonik,The Roamer of Heaven and Hell,2026-04-30,"Death Metal, Melodic Black","Death Metal, Melodic Black",needs_review,Only HMB genre available,https://heavymetalbest.com/album/æonik/the-roamer-of-heaven-and-hell?albumId=3zCituZVRrffE9ilW1mz,https://www.metal-archives.com/search?searchString=%C3%86onik&type=band_name,Check MA manually → add to band_genre_overrides.csv or album_genre_overrides.csv
Orbis Daemonium,Onirógrafo,2026-04-29,Black Metal,Black Metal,needs_review,Only HMB genre available,https://heavymetalbest.com/album/orbis-daemonium/onirógrafo?albumId=YVDVrd9ehNCTmVfeeYNX,https://www.metal-archives.com/search?searchString=Orbis%20Daemonium&type=band_name,Check MA manually → add to band_genre_overrides.csv or album_genre_overrides.csv
The Fifth Alliance,Stenahoria,2026-04-28,,Needs Review,needs_review,No genre source found,https://heavymetalbest.com/album/the-fifth-alliance/stenahoria?albumId=tfWEbRfPX5oCkQWfPCyM,https://www.metal-archives.com/search?searchString=The%20Fifth%20Alliance&type=band_name,Check MA manually → add to band_genre_overrides.csv or album_genre_overrides.csv
Dysemblem,Buried by the Weight of Light,2026-04-27,Death Metal,Death Metal,needs_review,Only HMB genre available,https://heavymetalbest.com/album/dysemblem/buried-by-the-weight-of-light?albumId=TXHEjWybtArHcHTw7f6K,https://www.metal-archives.com/search?searchString=Dysemblem&type=band_name,Check MA manually → add to band_genre_overrides.csv or album_genre_overrides.csv
Hrob,Brána chladu,2026-04-27,"Death Metal, Death, Doom Metal","Death Metal, Death, Doom Metal",needs_review,Only HMB genre available,https://heavymetalbest.com/album/hrob/brána-chladu?albumId=Gem0Ra2H0eatse6EF7qD,https://www.metal-archives.com/search?searchString=Hrob&type=band_name,Check MA manually → add to band_genre_overrides.csv or album_genre_overrides.csv
Candarian,Trepanacion,2026-04-27,Death Metal,Death Metal,needs_review,Only HMB genre available,https://heavymetalbest.com/album/candarian/trepanacion?albumId=6KgcIA0QagQR7BrLY5Vt,https://www.metal-archives.com/search?searchString=Candarian&type=band_name,Check MA manually → add to band_genre_overrides.csv or album_genre_overrides.csv
DGS,Delusional Grasp of Sanity,2026-04-26,"Death Metal, Grindcore","Death Metal, Grindcore",needs_review,Only HMB genre available,https://heavymetalbest.com/album/dgs/delusional-grasp-of-sanity?albumId=hPD0l1bFIRr1h8Eg4maZ,https://www.metal-archives.com/search?searchString=DGS&type=band_name,Check MA manually → add to band_genre_overrides.csv or album_genre_overrides.csv
Eternal Dark,Cugetări,2026-04-25,,Needs Review,needs_review,No genre source found,https://heavymetalbest.com/album/eternal-dark/cugetări?albumId=7x7kdZ4BzmxBuJiNn8Yh,https://www.metal-archives.com/search?searchString=Eternal%20Dark&type=band_name,Check MA manually → add to band_genre_overrides.csv or album_genre_overrides.csv
Oscura Metrica,Obnubilatio Psychasthenica,2026-04-25,Black Metal,Black Metal,needs_review,Only HMB genre available,https://heavymetalbest.com/album/oscura-metrica/obnubilatio-psychasthenica?albumId=3y0wc4DcSBkmetsf3CCi,https://www.metal-archives.com/search?searchString=Oscura%20Metrica&type=band_name,Check MA manually → add to band_genre_overrides.csv or album_genre_overrides.csv
The Order,Empires,2026-04-24,,Needs Review,needs_review,No genre source found,https://heavymetalbest.com/album/the-order/empires?albumId=yYEEgPOfgVMUwEPHVzwq,https://www.metal-archives.com/search?searchString=The%20Order&type=band_name,Check MA manually → add to band_genre_overrides.csv or album_genre_overrides.csv
Xorsist,Aberrations,2026-04-24,Death Metal,Death Metal,needs_review,Only HMB genre available,https://heavymetalbest.com/album/xorsist/aberrations?albumId=vbGRQnZrKDZoLG7CxurU,https://www.metal-archives.com/search?searchString=Xorsist&type=band_name,Check MA manually → add to band_genre_overrides.csv or album_genre_overrides.csv
Undercroft,The Killer Sword,2026-04-24,"Death Metal, Death, Thrash Metal","Death Metal, Death, Thrash Metal",needs_review,Only HMB genre available,https://heavymetalbest.com/album/undercroft/the-killer-sword?albumId=uYS9z33kbTmKw7TFFAQC,https://www.metal-archives.com/search?searchString=Undercroft&type=band_name,Check MA manually → add to band_genre_overrides.csv or album_genre_overrides.csv
Blood Countess,Imperatrix Sanguinis,2026-04-24,Black Metal,Black Metal,needs_review,Only HMB genre available,https://heavymetalbest.com/album/blood-countess/imperatrix-sanguinis?albumId=tgjY7j4SV6KONBpgzMf6,https://www.metal-archives.com/search?searchString=Blood%20Countess&type=band_name,Check MA manually → add to band_genre_overrides.csv or album_genre_overrides.csv
Gus G.,Steel Burner,2026-04-24,"Heavy Metal, Hard Rock, Shred","Heavy Metal, Hard Rock, Shred",needs_review,Only HMB genre available,https://heavymetalbest.com/album/gus-g./steel-burner?albumId=tJo1wE1Nt570vZIyflvl,https://www.metal-archives.com/search?searchString=Gus%20G.&type=band_name,Check MA manually → add to band_genre_overrides.csv or album_genre_overrides.csv
Creye,IV Aftermath,2026-04-24,,Needs Review,needs_review,No genre source found,https://heavymetalbest.com/album/creye/iv-aftermath?albumId=t8x1oYKVDlmajDgVih8W,https://www.metal-archives.com/search?searchString=Creye&type=band_name,Check MA manually → add to band_genre_overrides.csv or album_genre_overrides.csv
Bringers of Disease,Sulphur,2026-04-24,Black Metal,Black Metal,needs_review,Only HMB genre available,https://heavymetalbest.com/album/bringers-of-disease/sulphur?albumId=slpURDrArLswOOlVtZBB,https://www.metal-archives.com/search?searchString=Bringers%20of%20Disease&type=band_name,Check MA manually → add to band_genre_overrides.csv or album_genre_overrides.csv
Cnoc an Tursa,A Cry for the Slain,2026-04-24,"Folk Metal, Black, Black Metal","Folk Metal, Black, Black Metal",needs_review,Only HMB genre available,https://heavymetalbest.com/album/cnoc-an-tursa/a-cry-for-the-slain?albumId=sb5H0XlJI4mkPsav2kqR,https://www.metal-archives.com/search?searchString=Cnoc%20an%20Tursa&type=band_name,Check MA manually → add to band_genre_overrides.csv or album_genre_overrides.csv
Poignard,Riposte,2026-04-24,"Heavy Metal, Punk","Heavy Metal, Punk",needs_review,Only HMB genre available,https://heavymetalbest.com/album/poignard/riposte?albumId=rBdsznIMyhPLk0Fu14sW,https://www.metal-archives.com/search?searchString=Poignard&type=band_name,Check MA manually → add to band_genre_overrides.csv or album_genre_overrides.csv
Grief Collector,The Death of All Dreams,2026-04-24,Doom Metal,Doom Metal,needs_review,Only HMB genre available,https://heavymetalbest.com/album/grief-collector/the-death-of-all-dreams?albumId=qgZwYZm8wEMDofgTERDH,https://www.metal-archives.com/search?searchString=Grief%20Collector&type=band_name,Check MA manually → add to band_genre_overrides.csv or album_genre_overrides.csv
Konquest,Dark Waters,2026-04-24,Heavy Metal,Heavy Metal,needs_review,Only HMB genre available,https://heavymetalbest.com/album/konquest/dark-waters?albumId=nNEAu8K7oAZoErO8Pkc3,https://www.metal-archives.com/search?searchString=Konquest&type=band_name,Check MA manually → add to band_genre_overrides.csv or album_genre_overrides.csv
Scimitar,Scimitarium II,2026-04-24,,Needs Review,needs_review,No genre source found,https://heavymetalbest.com/album/scimitar/scimitarium-ii?albumId=mq3NfCIqs3O5hwD4ejhV,https://www.metal-archives.com/search?searchString=Scimitar&type=band_name,Check MA manually → add to band_genre_overrides.csv or album_genre_overrides.csv
Aversio Humanitatis,To Become the Endless Static,2026-04-24,Black Metal,Black Metal,needs_review,Only HMB genre available,https://heavymetalbest.com/album/aversio-humanitatis/to-become-the-endless-static?albumId=m2ZwOpA6GQA1wL3xV2jf,https://www.metal-archives.com/search?searchString=Aversio%20Humanitatis&type=band_name,Check MA manually → add to band_genre_overrides.csv or album_genre_overrides.csv
Necroccultus,The Afterdeath Blackness,2026-04-24,Death Metal,Death Metal,needs_review,Only HMB genre available,https://heavymetalbest.com/album/necroccultus/the-afterdeath-blackness?albumId=lkA4DjKRdaAhAEZarFaN,https://www.metal-archives.com/search?searchString=Necroccultus&type=band_name,Check MA manually → add to band_genre_overrides.csv or album_genre_overrides.csv
Since the Death,Entangled,2026-04-24,"Death Metal, Black, Death, Thrash Metal, Black Metal","Death Metal, Black, Death, Thrash Metal, Black Metal",needs_review,Only HMB genre available,https://heavymetalbest.com/album/since-the-death/entangled?albumId=lU6PDS3D8NpFPGsOoE3q,https://www.metal-archives.com/search?searchString=Since%20the%20Death&type=band_name,Check MA manually → add to band_genre_overrides.csv or album_genre_overrides.csv
Demon Spell,Blessed Be the Dark,2026-04-24,Heavy Metal,Heavy Metal,needs_review,Only HMB genre available,https://heavymetalbest.com/album/demon-spell/blessed-be-the-dark?albumId=kLpAZcvGZM7ouGzmngrz,https://www.metal-archives.com/search?searchString=Demon%20Spell&type=band_name,Check MA manually → add to band_genre_overrides.csv or album_genre_overrides.csv
Battleroar,Petrichor,2026-04-24,"Epic Heavy, Power Metal","Epic Heavy, Power Metal",needs_review,Only HMB genre available,https://heavymetalbest.com/album/battleroar/petrichor?albumId=k8CSh4lQB7dFDjfGFqtb,https://www.metal-archives.com/search?searchString=Battleroar&type=band_name,Check MA manually → add to band_genre_overrides.csv or album_genre_overrides.csv
Elegant Weapons,Evolution,2026-04-24,Heavy Metal,Heavy Metal,needs_review,Only HMB genre available,https://heavymetalbest.com/album/elegant-weapons/evolution?albumId=jjaqrlXgJPCN626uzVbo,https://www.metal-archives.com/search?searchString=Elegant%20Weapons&type=band_name,Check MA manually → add to band_genre_overrides.csv or album_genre_overrides.csv
Sewer Altar,Fever Dreams of Vengeance,2026-04-24,"Death Metal, Hardcore","Death Metal, Hardcore",needs_review,Only HMB genre available,https://heavymetalbest.com/album/sewer-altar/fever-dreams-of-vengeance?albumId=ikcCTlU08d0Tn6Yp2xG5,https://www.metal-archives.com/search?searchString=Sewer%20Altar&type=band_name,Check MA manually → add to band_genre_overrides.csv or album_genre_overrides.csv
Lynx,Trinity of Suns,2026-04-24,"Heavy Metal, Hard Rock","Heavy Metal, Hard Rock",needs_review,Only HMB genre available,https://heavymetalbest.com/album/lynx/trinity-of-suns?albumId=i2SVuLXGw4c1cZyPfDdp,https://www.metal-archives.com/search?searchString=Lynx&type=band_name,Check MA manually → add to band_genre_overrides.csv or album_genre_overrides.csv
Firmament,Reveries of a Forgotten Spirit,2026-04-24,,Needs Review,needs_review,No genre source found,https://heavymetalbest.com/album/firmament/reveries-of-a-forgotten-spirit?albumId=hacLibqyX1nBO1ywW0RZ,https://www.metal-archives.com/search?searchString=Firmament&type=band_name,Check MA manually → add to band_genre_overrides.csv or album_genre_overrides.csv
Alvader,Woede,2026-04-24,,Needs Review,needs_review,No genre source found,https://heavymetalbest.com/album/alvader/woede?albumId=gEl6yNW1lfWlyEE6z5bw,https://www.metal-archives.com/search?searchString=Alvader&type=band_name,Check MA manually → add to band_genre_overrides.csv or album_genre_overrides.csv
Corrosive Agent,Vastator Mundi,2026-04-24,Death Metal,Death Metal,needs_review,Only HMB genre available,https://heavymetalbest.com/album/corrosive-agent/vastator-mundi?albumId=cYJWD0F8NdNrSTnaVE7n,https://www.metal-archives.com/search?searchString=Corrosive%20Agent&type=band_name,Check MA manually → add to band_genre_overrides.csv or album_genre_overrides.csv
Thy Sanatorium,Thy Sanatorium,2026-04-24,,Needs Review,needs_review,No genre source found,https://heavymetalbest.com/album/thy-sanatorium/thy-sanatorium?albumId=bkWvwO6iyCItAMZw5Ihy,https://www.metal-archives.com/search?searchString=Thy%20Sanatorium&type=band_name,Check MA manually → add to band_genre_overrides.csv or album_genre_overrides.csv
Terror,Still Suffer,2026-04-24,"Crossover, Hardcore, Thrash Metal","Crossover, Hardcore, Thrash Metal",needs_review,Only HMB genre available,https://heavymetalbest.com/album/terror/still-suffer?albumId=b4Pd1edwCuOA4OKfd3UV,https://www.metal-archives.com/search?searchString=Terror&type=band_name,Check MA manually → add to band_genre_overrides.csv or album_genre_overrides.csv
Wrang,Verwording,2026-04-24,Black Metal,Black Metal,needs_review,Only HMB genre available,https://heavymetalbest.com/album/wrang/verwording?albumId=YVDeV7zgoYz5ubZxeRgp,https://www.metal-archives.com/search?searchString=Wrang&type=band_name,Check MA manually → add to band_genre_overrides.csv or album_genre_overrides.csv
Asenheim,Elbenblut,2026-04-24,"Black, Epic Black Metal, Pagan Metal, Black Metal","Black, Epic Black Metal, Pagan Metal, Black Metal",needs_review,Only HMB genre available,https://heavymetalbest.com/album/asenheim/elbenblut?albumId=WdsXmyuA5OQBnwzshOQl,https://www.metal-archives.com/search?searchString=Asenheim&type=band_name,Check MA manually → add to band_genre_overrides.csv or album_genre_overrides.csv
Black Revelation,No Light upon Us All,2026-04-24,"Heavy Metal, Doom, Doom Metal","Heavy Metal, Doom, Doom Metal",needs_review,Only HMB genre available,https://heavymetalbest.com/album/black-revelation/no-light-upon-us-all?albumId=Ve2UD6wwLpxbPlN4bJcW,https://www.metal-archives.com/search?searchString=Black%20Revelation&type=band_name,Check MA manually → add to band_genre_overrides.csv or album_genre_overrides.csv
Powerrage,Beast,2026-04-24,"Heavy Metal, Speed","Heavy Metal, Speed",needs_review,Only HMB genre available,https://heavymetalbest.com/album/powerrage/beast?albumId=UmdzTv7Jv1aPA92vqYBK,https://www.metal-archives.com/search?searchString=Powerrage&type=band_name,Check MA manually → add to band_genre_overrides.csv or album_genre_overrides.csv
Whirlwind,1640,2026-04-24,Heavy Metal,Heavy Metal,needs_review,Only HMB genre available,https://heavymetalbest.com/album/whirlwind/1640?albumId=U50dX97IMlcqerPTDku4,https://www.metal-archives.com/search?searchString=Whirlwind&type=band_name,Check MA manually → add to band_genre_overrides.csv or album_genre_overrides.csv
